PATIENT STATUS,LR,Age 9 YEARS,,Weight 33 Kg
,,,,
DAY,TIME,FEED,GRV,ISSUES
1,00:00,5ML /2 HRS,,NONE
,01:00,,,
,02:00,5ML /2 HRS,,
,03:00,,,
,04:00,,130,
,05:00,,,
,06:00,,,
,07:00,,,
,08:00,,130,
,09:00,,,
,10:00,,,
,11:00,,,
,12:00,,130,
,13:00,,,
,14:00,,,
,15:00,,,
,16:00,,130,
,17:00,,,
,18:00,,,
,19:00,,,
,20:00,,130,
,21:00,,,
,22:00,,,
,23:00,,,
2,00:00,,140,
,01:00,,,
,02:00,,,
,03:00,,,
,04:00,,140,
,05:00,,,
,06:00,,,
,07:00,,,
,08:00,,145,
,09:00,,,
,10:00,,,
,11:00,,,
,12:00,,145,
,13:00,,,
,14:00,,,
,15:00,,,
,16:00,,150,
,17:00,,,
,18:00,,,
,19:00,,,
,20:00,,155,
,21:00,,,
,22:00,,,
,23:00,,,
3,00:00,,160,
,01:00,,,
,02:00,,,
,03:00,,,
,04:00,,160,
,05:00,,,
,06:00,,,
,07:00,,,
,08:00,,170,
,09:00,,,
,10:00,,,
,11:00,,,
,12:00,,180,
,13:00,,,
,14:00,,,
,15:00,,,
,16:00,,180,
,17:00,,,
,18:00,,,
,19:00,,,
,20:00,,180,
,21:00,,,
,22:00,,,
,23:00,,,
4,00:00,,180,
,01:00,,,
,02:00,,,
,03:00,,,
,04:00,,180,
,05:00,,,
,06:00,,,
,07:00,,,
,08:00,,180,
,09:00,,,
,10:00,,,
,11:00,,,
,12:00,,180,
,13:00,,,
,14:00,,,
,15:00,,,
,16:00,,180,
,17:00,,,
,18:00,,,
,19:00,,,
,20:00,,180,
,21:00,,,
,22:00,,,
,23:00,,,
5,00:00,,180,
,01:00,,,
,02:00,,,
,03:00,,,
,04:00,,180,
,05:00,,,
,06:00,,,
,07:00,,,
,08:00,,180,
,09:00,,,
,10:00,,,
,11:00,,,
,12:00,,180,
,13:00,,,
,14:00,,,
,15:00,,,
,16:00,,180,
,17:00,,,
,18:00,,,
,19:00,,,
,20:00,,180,
,21:00,,,
,22:00,,,
,23:00,,,
,,,,
,,,,
